[
  {
    "module": "stadtbook",
    "moduleScope": "main",
    "description": "Basic H2 creating tables",
    "expose": "WEB",
    "classPath": "src/main/resources",
    "dbConfigKey": "h2:mem:basic",
    "naturalId": "stadtbook-create",
    "sqlList": [
      "drop table Event if exists",
      "drop table Artist if exists",
      "drop table Location if exists",
      "Create table Event (id int auto_increment primary key, naturalId varchar(300) not null unique, type varchar(64) not null, subType varchar(64), location varchar(100) not null, eventUrl varchar(512), artistUrl varchar(512), sourceEventUrl varchar(512), startTime datetime, price float, artist varchar(100), title varchar(100), artistTitle varchar(200), notice varchar(200), content varchar(10000))",
      "Create table Artist (id int auto_increment primary key, name varchar(80))",
      "Alter table Artist add unique(name)",
      "create table Location(id bigint generated by default as identity, name varchar(100), street varchar(100), town varchar(100))"
    ],
    "permissions": {
      "executeRoles": [
        "admin"
      ]
    }
  },
  {
    "module": "stadtbook",
    "moduleScope": "main",
    "description": "Query for Event",
    "expose": "WEB",
    "classPath": "src/main/resources",
    "dbConfigKey": "events-select-all",
    "modelKey": "PostalAddress",
    "naturalId": "AllPostalAddress",
    "sqlList": [
      "Select * from PostalAddress"
    ],
    "permissions": {
      "readRoles": [
        "guest"
      ]
    }
  },
  {
    "module": "stadtbook",
    "moduleScope": "main",
    "description": "Query for Event",
    "expose": "WEB",
    "classPath": "src/main/resources",
    "dbConfigKey": "events-select-all",
    "modelKey": "Event",
    "naturalId": "AllEvents",
    "sqlList": [
      "Select * from Event"
    ],
    "permissions": {
      "readRoles": [
        "guest"
      ]
    }
  },
  {
    "module": "stadtbook",
    "moduleScope": "main",
    "description": "Query for Event",
    "expose": "WEB",
    "classPath": "src/main/resources",
    "modelKey": "Event",
    "naturalId": "EventsDate",
    "sqlList": [
      "Select * from Event where trunc(startTime) = trunc(sysdate)"
    ],
    "permissions": {
      "readRoles": [
        "guest"
      ]
    }
  },
  {
    "module": "stadtbook",
    "moduleScope": "main",
    "description": "Query for Event",
    "expose": "WEB",
    "classPath": "src/main/resources",
    "modelKey": "Event",
    "naturalId": "EventsDateParams",
    "sqlList": [
      "Select * from Event where trunc(startTime) = ?"
    ],
    "permissions": {
      "readRoles": [
        "guest"
      ]
    }
  },
  {
    "module": "stadtbook",
    "moduleScope": "main",
    "description": "Query for Events between a start and a endtime",
    "expose": "WEB",
    "classPath": "src/main/resources",
    "modelKey": "Event",
    "naturalId": "EventInDateInterval",
    "sqlList": [
      "Select * from Event where startTime >= ? and startTime < ? order by startTime, location"
    ],
    "permissions": {
      "readRoles": [
        "guest"
      ]
    }
  },
  {
    "module": "stadtbook",
    "moduleScope": "main",
    "description": "Query for Events between a start and a endtime",
    "expose": "WEB",
    "classPath": "src/main/resources",
    "modelKey": "Event",
    "naturalId": "EventCountByDate",
    "sqlList": [
      "Select count(*) as count, trunc(startTime) as eventDay from Event where startTime > ? and startTime < ? group by trunc(startTime) order by trunc(startTime);"
    ],
    "permissions": {
      "readRoles": [
        "guest"
      ]
    }
  }
  ]