[
  {
    "module": "stadtbook",
    "moduleScope": "main",
    "modelKeys": "String",
    "description": "The artist key.",
    "expose": "NONE",
    "naturalId": "artist",
    "fieldKey": "artist",
    "max": 100,
    "properties": {
      "max": 128
    }
  },
  {
    "module": "stadtbook",
    "moduleScope": "main",
    "modelKeys": "String",
    "description": "The location key.",
    "expose": "NONE",
    "naturalId": "Event.location",
    "fieldKey": "location",
    "properties": {
      "notNull": true,
      "max": 128
    }
  },
  {
    "module": "stadtbook",
    "moduleScope": "main",
    "modelKeys": "String",
    "description": "The location title.",
    "expose": "NONE",
    "naturalId": "title",
    "fieldKey": "title",
    "max": 100,
    "properties": {
      "max": 128
    }
  },
  {
    "module": "stadtbook",
    "moduleScope": "main",
    "modelKeys": "String",
    "description": "The artist: title key.",
    "expose": "NONE",
    "naturalId": "artistTitle",
    "fieldKey": "artistTitle",
    "max": 200,
    "properties": {
      "notNull": true,
      "max": 256
    }
  },
  {
    "module": "stadtbook",
    "moduleScope": "main",
    "modelKeys": "String",
    "description": "A notice",
    "expose": "NONE",
    "naturalId": "notice",
    "fieldKey": "notice",
    "max": 200,
    "properties": {
      "max": 128
    }
  },
  {
    "module": "stadtbook",
    "moduleScope": "main",
    "modelKeys": "List,String",
    "description": "Other urls.",
    "expose": "NONE",
    "naturalId": "otherUrls",
    "fieldKey": "otherUrls",
    "properties": {
    }
  },
  {
    "module": "stadtbook",
    "moduleScope": "main",
    "modelKeys": "String",
    "description": "The type.",
    "expose": "NONE",
    "naturalId": "sourceParseUrl",
    "fieldKey": "sourceParseUrl",
    "properties": {
      "max": 512,
      "notNull": true
    }
  },
  {
    "module": "stadtbook",
    "moduleScope": "main",
    "modelKeys": "String",
    "description": "The type.",
    "expose": "NONE",
    "naturalId": "sourceEventUrl",
    "fieldKey": "sourceEventUrl",
    "properties": {
      "max": 512
    }
  },
  {
    "module": "stadtbook",
    "moduleScope": "main",
    "modelKeys": "String",
    "description": "The type.",
    "expose": "NONE",
    "naturalId": "sourceLocationUrl",
    "fieldKey": "sourceLocationUrl",
    "properties": {
      "max": 512
    }
  },
  {
    "module": "stadtbook",
    "moduleScope": "main",
    "modelKeys": "String",
    "description": "The type.",
    "expose": "NONE",
    "naturalId": "sourceTicketUrl",
    "fieldKey": "sourceTicketUrl",
    "properties": {
      "max": 512
    }
  },
  {
    "module": "stadtbook",
    "moduleScope": "main",
    "modelKeys": "String",
    "description": "The type.",
    "expose": "NONE",
    "naturalId": "sourceParseUrl",
    "fieldKey": "sourceParseUrl",
    "properties": {
      "max": 512
    }
  },
  {
    "module": "stadtbook",
    "moduleScope": "main",
    "modelKeys": "String",
    "description": "The type.",
    "expose": "NONE",
    "naturalId": "eventUrl",
    "fieldKey": "eventUrl",
    "properties": {
      "max": 512
    }
  },
  {
    "module": "stadtbook",
    "moduleScope": "main",
    "modelKeys": "String",
    "description": "The type.",
    "expose": "NONE",
    "naturalId": "sourceEventUrl",
    "fieldKey": "sourceEventUrl",
    "properties": {
      "max": 512
    }
  },
  {
    "module": "stadtbook",
    "moduleScope": "main",
    "modelKeys": "String",
    "description": "The URL of the artist directly.",
    "expose": "NONE",
    "naturalId": "artistUrl",
    "fieldKey": "artistUrl",
    "properties": {
      "max": 512
    }
  },
  {
    "module": "stadtbook",
    "moduleScope": "main",
    "modelKeys": "String",
    "description": "The type.",
    "expose": "NONE",
    "naturalId": "locationUrl",
    "fieldKey": "locationUrl",
    "properties": {
      "max": 512
    }
  },
  {
    "module": "stadtbook",
    "moduleScope": "main",
    "modelKeys": "String",
    "description": "The type.",
    "expose": "NONE",
    "naturalId": "type",
    "fieldKey": "type",
    "properties": {
      "max": 64,
      "notNull": true
    }
  },
  {
    "module": "stadtbook",
    "moduleScope": "main",
    "modelKeys": "String",
    "description": "A list of crontabs separated by pipe.",
    "expose": "NONE",
    "naturalId": "repetition",
    "fieldKey": "repetition",
    "properties": {
      "max": 128
    }
  },
  {
    "module": "stadtbook",
    "moduleScope": "main",
    "modelKeys": "LocalDate",
    "description": "A stop date.",
    "expose": "NONE",
    "naturalId": "stopDate",
    "fieldKey": "stopDate"
  },
  {
    "module": "stadtbook",
    "moduleScope": "main",
    "modelKeys": "LocalDate",
    "description": "A start date.",
    "expose": "NONE",
    "naturalId": "startDate",
    "fieldKey": "startDate"
  },
  {
    "module": "stadtbook",
    "moduleScope": "main",
    "modelKeys": "String",
    "description": "The sub type.",
    "expose": "NONE",
    "naturalId": "subType",
    "fieldKey": "subType",
    "properties": {
      "max": 64
    }
  },
  {
    "module": "stadtbook",
    "moduleScope": "main",
    "modelKeys": "String",
    "description": "Alternate names for a Thing.",
    "expose": "NONE",
    "naturalId": "alternateName",
    "fieldKey": "alternateName",
    "properties": {
      "max": 512
    }
  },
  {
    "module": "stadtbook",
    "moduleScope": "main",
    "modelKeys": "String",
    "description": "Alternate names for a Thing.",
    "expose": "NONE",
    "naturalId": "identifier",
    "fieldKey": "identifier",
    "properties": {
      "max": 64
    }
  },
  {
    "module": "stadtbook",
    "moduleScope": "main",
    "modelKeys": "String",
    "description": "A fax number.",
    "expose": "NONE",
    "naturalId": "faxNumber",
    "fieldKey": "faxNumber",
    "properties": {
      "max": 64
    }
  },
  {
    "module": "stadtbook",
    "moduleScope": "main",
    "modelKeys": "String",
    "description": "A fax number.",
    "expose": "NONE",
    "naturalId": "email",
    "fieldKey": "email",
    "properties": {
      "max": 64
    }
  },
  {
    "module": "stadtbook",
    "moduleScope": "main",
    "modelKeys": "String",
    "description": "A fax number.",
    "expose": "NONE",
    "naturalId": "telephone",
    "fieldKey": "telephone",
    "properties": {
      "max": 64
    }
  },
  {
    "module": "stadtbook",
    "moduleScope": "main",
    "modelKeys": "String",
    "description": "A fax number.",
    "expose": "NONE",
    "naturalId": "postalCode",
    "fieldKey": "postalCode",
    "properties": {
      "max": 32
    }
  },
  {
    "module": "stadtbook",
    "moduleScope": "main",
    "modelKeys": "String",
    "description": "A fax number.",
    "expose": "NONE",
    "naturalId": "addressCountry",
    "fieldKey": "addressCountry",
    "properties": {
      "max": 2
    }
  },
  {
    "module": "stadtbook",
    "moduleScope": "main",
    "modelKeys": "String",
    "description": "A fax number.",
    "expose": "NONE",
    "naturalId": "addressRegion",
    "fieldKey": "addressRegion",
    "properties": {
      "max": 32
    }
  },
  {
    "module": "stadtbook",
    "moduleScope": "main",
    "modelKeys": "String",
    "description": "A fax number.",
    "expose": "NONE",
    "naturalId": "addressLocality",
    "fieldKey": "addressLocality",
    "properties": {
      "max": 64
    }
  },
  {
    "module": "stadtbook",
    "moduleScope": "main",
    "modelKeys": "String",
    "description": "A fax number.",
    "expose": "NONE",
    "naturalId": "streetAddress",
    "fieldKey": "streetAddress",
    "properties": {
      "max": 256
    }
  },
  {
    "module": "stadtbook",
    "moduleScope": "main",
    "modelKeys": "Float",
    "description": "The price",
    "expose": "NONE",
    "naturalId": "price",
    "fieldKey": "price",
    "properties": {
    }
  },
  {
    "module": "stadtbook",
    "moduleScope": "main",
    "modelKeys": "LocalDateTime",
    "description": "The start date time.",
    "expose": "NONE",
    "naturalId": "startTime",
    "fieldKey": "startTime",
    "properties": {
      "notNull": true
    }
  },
  {
    "module": "stadtbook",
    "moduleScope": "main",
    "modelKeys": "Boolean",
    "description": "Control flag to persist to database.",
    "expose": "NONE",
    "naturalId": "persist",
    "fieldKey": "persist",
    "properties": {
      "notNull": true
    }
  },
  {
    "module": "stadtbook",
    "moduleScope": "main",
    "modelKeys": "Boolean",
    "description": "Marks the entry as original.",
    "expose": "NONE",
    "naturalId": "original",
    "fieldKey": "original",
    "properties": {
      "notNull": true
    }
  }
]