[
  {
    "configModelKey": "DirectoryConfig",
    "module": "stadtbook",
    "moduleScope": "main",
    "hostConfigKey": "localhost",
    "filePath": "src/main/resources/input",
    "naturalId": "InputDir",
    "fileName": ".*.xlsx",
    "description": "HTML pages.",
    "expose": "NONE",
    "cached": "false",
    "permissions": {
      "readRoles": [
        "admin"
      ],
      "writeRoles": [
        "admin"
      ]
    }
  },
  {
    "configModelKey": "DirectoryConfig",
    "module": "stadtbook",
    "moduleScope": "main",
    "hostConfigKey": "localhost",
    "filePath": "src/main/resources/events",
    "naturalId": "DayTargetDir",
    "fileName": ".*.html",
    "description": "HTML pages.",
    "expose": "NONE",
    "cached": "false",
    "permissions": {
      "writeRoles": [
        "admin"
      ]
    }
  },
  {
    "configModelKey": "DirectoryConfig",
    "module": "stadtbook",
    "moduleScope": "main",
    "hostConfigKey": "localhost",
    "filePath": "src/main/resources/events/months",
    "naturalId": "MonthDir",
    "fileName": ".*.html",
    "description": "HTML calender pages per month.",
    "expose": "NONE",
    "cached": "false",
    "permissions": {
      "writeRoles": [
        "admin"
      ]
    }
  },
  {
    "configModelKey": "DirectoryConfig",
    "module": "stadtbook",
    "moduleScope": "main",
    "hostConfigKey": "localhost",
    "filePath": "src/main/resources/templates",
    "naturalId": "TemplateDir",
    "fileName": ".*.tpl",
    "description": "Template directory.",
    "expose": "NONE",
    "cached": "false",
    "permissions": {
      "readRoles": [
        "admin"
      ]
    }
  }
]