[  {
  "module": "stadtbook",
  "moduleScope": "main",
  "superKey": "",
  "expose": "NONE",
  "description": "A Thing according to schema.org/Thing",
  "packagePath": "org.fluentcodes.projects.stadtbook.domain",
  "naturalId": "Thing",
  "modelKey": "Thing",
  "properties": {
    "create": true,
    "naturalKeys": "name"
  },
  "fields": [
    "name",
    "description",
    "alternateName",
    "url",
    "identifier"
  ],
  "author": "Werner Diwischek"
},
  {
    "module": "stadtbook",
    "moduleScope": "main",
    "superKey": "",
    "expose": "NONE",
    "description": "A Thing according to schema.org/Thing",
    "packagePath": "org.fluentcodes.projects.stadtbook.domain",
    "naturalId": "ContactPoint",
    "modelKey": "ContactPoint",
    "superKey": "Thing",
    "properties": {
      "create": true
    },
    "fields": [
      "email",
      "faxNumber",
      "telephone"
    ],
    "author": "Werner Diwischek"
  },
  {
    "module": "stadtbook",
    "moduleScope": "main",
    "superKey": "",
    "expose": "NONE",
    "description": "A Thing according to schema.org/Thing",
    "packagePath": "org.fluentcodes.projects.stadtbook.domain",
    "naturalId": "PostalAddress",
    "modelKey": "PostalAddress",
    "superKey": "ContactPoint",
    "properties": {
      "create": true
    },
    "fields": [
      "addressCountry",
      "addressRegion",
      "addressLocality",
      "streetAddress",
      "naturalId",
      "postalCode"
    ],
    "author": "Werner Diwischek"
  },
  {
    "module": "stadtbook",
    "moduleScope": "main",
    "superKey": "",
    "expose": "NONE",
    "description": "An Event",
    "packagePath": "org.fluentcodes.projects.stadtbook.domain",
    "naturalId": "Event",
    "modelKey": "Event",
    "properties": {
      "create": true,
      "final": true,
      "naturalKeys": "naturalId"
    },
    "fields": [
      "id",
      "Event.location",
      "naturalId",
      "eventUrl",
      "artistUrl",
      "sourceEventUrl",
      "startTime",
      "artist",
      "title",
      "artistTitle",
      "notice",
      "content",
      "type",
      "subType",
      "price"
    ],
    "author": "Werner Diwischek"
  },
  {
    "module": "stadtbook",
    "moduleScope": "main",
    "superKey": "Event",
    "expose": "NONE",
    "description": "An Event for parsing",
    "packagePath": "org.fluentcodes.projects.stadtbook.domain",
    "naturalId": "EventParsed",
    "modelKey": "EventParsed",
    "properties": {
      "create": true,
      "final": true,
      "naturalKeys": "naturalId"
    },
    "fields": [
      "persist",
      "original",
      "locationUrl",
      "sourceParseUrl",
      "sourceLocationUrl",
      "sourceTicketUrl",
      "otherUrls"
    ],
    "author": "Werner Diwischek"
  },
  {
    "module": "stadtbook",
    "moduleScope": "main",
    "superKey": "Event",
    "expose": "NONE",
    "description": "An Event for parsing",
    "packagePath": "org.fluentcodes.projects.stadtbook.domain",
    "naturalId": "EventRepeated",
    "modelKey": "EventRepeated",
    "properties": {
      "create": true,
      "final": true,
      "naturalKeys": "naturalId"
    },
    "fields": [
      "startDate",
      "stopDate",
      "repetition",
      "url"
    ],
    "author": "Werner Diwischek"
  },
  {
    "configModelKey": "ModelConfigScalar",
    "module": "stadtbook",
    "moduleScope": "main",
    "expose": "NONE",
    "naturalId": "LocalDateTime",
    "packagePath": "java.time",
    "modelKey": "LocalDateTime",
    "properties": {
      "create": false
    },
    "shapeType": "LOCAL_DATE_TIME",
    "author": "java"
  },
  {
    "configModelKey": "ModelConfigScalar",
    "module": "stadtbook",
    "moduleScope": "main",
    "expose": "NONE",
    "naturalId": "LocalDate",
    "packagePath": "java.time",
    "modelKey": "LocalDate",
    "properties": {
      "create": false
    },
    "shapeType": "LOCAL_DATE",
    "author": "java"
  }
]